[
    {
        "name": "phpmailer/phpmailer",
        "version": "v6.1.6",
        "version_normalized": "6.1.6.0",
        "source": {
            "type": "git",
            "url": "https://github.com/PHPMailer/PHPMailer.git",
            "reference": "c2796cb1cb99d7717290b48c4e6f32cb6c60b7b3"
        },
        "dist": {
            "type": "zip",
            "url": "https://api.github.com/repos/PHPMailer/PHPMailer/zipball/c2796cb1cb99d7717290b48c4e6f32cb6c60b7b3",
            "reference": "c2796cb1cb99d7717290b48c4e6f32cb6c60b7b3",
            "shasum": ""
        },
        "require": {
            "ext-ctype": "*",
            "ext-filter": "*",
            "php": ">=5.5.0"
        },
        "require-dev": {
            "doctrine/annotations": "^1.2",
            "friendsofphp/php-cs-fixer": "^2.2",
            "phpunit/phpunit": "^4.8 || ^5.7"
        },
        "suggest": {
            "ext-mbstring": "Needed to send email in multibyte encoding charset",
            "hayageek/oauth2-yahoo": "Needed for Yahoo XOAUTH2 authentication",
            "league/oauth2-google": "Needed for Google XOAUTH2 authentication",
            "psr/log": "For optional PSR-3 debug logging",
            "stevenmaguire/oauth2-microsoft": "Needed for Microsoft XOAUTH2 authentication",
            "symfony/polyfill-mbstring": "To support UTF-8 if the Mbstring PHP extension is not enabled (^1.2)"
        },
        "time": "2020-05-27T12:24:03+00:00",
        "type": "library",
        "installation-source": "dist",
        "autoload": {
            "psr-4": {
                "PHPMailer\\PHPMailer\\": "src/"
            }
        },
        "notification-url": "https://packagist.org/downloads/",
        "license": [
            "LGPL-2.1-only"
        ],
        "authors": [
            {
                "name": "Marcus Bointon",
                "email": "phpmailer@synchromedia.co.uk"
            },
            {
                "name": "Jim Jagielski",
                "email": "jimjag@gmail.com"
            },
            {
                "name": "Andy Prevost",
                "email": "codeworxtech@users.sourceforge.net"
            },
            {
                "name": "Brent R. Matzelle"
            }
        ],
        "description": "PHPMailer is a full-featured email creation and transfer class for PHP"
    },
    {
        "name": "smarty/smarty",
        "version": "v3.1.36",
        "version_normalized": "3.1.36.0",
        "source": {
            "type": "git",
            "url": "https://github.com/smarty-php/smarty.git",
            "reference": "fd148f7ade295014fff77f89ee3d5b20d9d55451"
        },
        "dist": {
            "type": "zip",
            "url": "https://api.github.com/repos/smarty-php/smarty/zipball/fd148f7ade295014fff77f89ee3d5b20d9d55451",
            "reference": "fd148f7ade295014fff77f89ee3d5b20d9d55451",
            "shasum": ""
        },
        "require": {
            "php": ">=5.2"
        },
        "require-dev": {
            "phpunit/phpunit": "6.4.1",
            "smarty/smarty-lexer": "^3.1"
        },
        "time": "2020-04-14T14:44:26+00:00",
        "type": "library",
        "extra": {
            "branch-alias": {
                "dev-master": "3.1.x-dev"
            }
        },
        "installation-source": "dist",
        "autoload": {
            "classmap": [
                "libs/"
            ]
        },
        "notification-url": "https://packagist.org/downloads/",
        "license": [
            "LGPL-3.0"
        ],
        "authors": [
            {
                "name": "Monte Ohrt",
                "email": "monte@ohrt.com"
            },
            {
                "name": "Uwe Tews",
                "email": "uwe.tews@googlemail.com"
            },
            {
                "name": "Rodney Rehm",
                "email": "rodney.rehm@medialize.de"
            }
        ],
        "description": "Smarty - the compiling PHP template engine",
        "homepage": "http://www.smarty.net",
        "keywords": [
            "templating"
        ]
    }
]
